"carrier","carrier_name","year","total_delay","carrier_delay","weather_delay","nas_delay","security_delay","late_aircraft_delay","total_delay_rel","carrier_delay_rel","weather_delay_rel","nas_delay_rel","security_delay_rel","late_aircraft_delay_rel","total_delay.pct","carrier_delay.pct","weather_delay.pct","nas_delay.pct","security_delay.pct","late_aircraft_delay.pct"
"9E","Endeavor Air Inc.",2013,961559,357433,38390,242851,1141,321744,1.33665701005713,1.69103818786646,1.29078766290773,1.39354373873076,1.10080944708686,1.06200035747252,0.150157697446904,0.188234766001182,0.126466595787394,0.145207089480186,0.129381362053501,0.127677724635517
"9E","Pinnacle Airlines Inc.",2007,3114939,1127692,200696,757374,1919,1027258,3.08514476971256,3.91192028881187,3.49322176151698,2.68482132333197,1.08451165892419,2.70281669325523,0.486430960479348,0.593875886505737,0.661144566505518,0.45285411296625,0.217601081315222,0.407646961726191
"9E","Pinnacle Airlines Inc.",2008,2628113,908509,149270,662837,1553,905944,3.03344169110658,3.7778642799173,3.22138792679829,2.53266711756425,1.35851499352672,2.86055281800499,0.410407886266235,0.478447650398726,0.491734012846687,0.396327919464109,0.176099259657395,0.359505907078915
"9E","Pinnacle Airlines Inc.",2009,2083698,708431,105985,622826,2023,644433,3.15683985377107,3.82810217386594,3.22105947130071,3.08020371225214,2.56641209753127,2.69521457037682,0.325391675242724,0.373080671099153,0.349142020175227,0.372404275512914,0.229393948671545,0.25573045377704
"9E","Pinnacle Airlines Inc.",2010,2614748,918581,121454,631091,3105,940517,4.13349892529736,4.77991810071078,4.3606734424525,3.88863399723879,2.89079229122056,3.77440986733701,0.408320798914988,0.483751862833403,0.400100909735925,0.377346139431752,0.35208512635944,0.373225516376443
"9E","Pinnacle Airlines Inc.",2013,2157650,701948,92337,634203,2077,727085,2.99933545185451,3.3209604986011,3.10464861760642,3.63922577932257,2.00383980858844,2.39993451288263,0.336940069092289,0.369666531979414,0.30418197591093,0.379206887225511,0.235517168260405,0.28852926058175
"AA","American Airlines Inc.",2007,10869722,2700300,811124,3275624,7775,4074899,10.7657536717507,9.36723711428182,14.1180492291261,11.6117864653631,4.39399590835622,10.721459497545,1.69742306754755,1.42205766852247,2.672052384513,1.95858294703932,0.881630227840465,1.61704284287987
"AA","American Airlines Inc.",2008,9569077,2821907,418677,2987319,6626,3334548,11.0448968964459,11.7343709930761,9.03544605766817,11.4143969044802,5.79621400328913,10.5289628036312,1.49431347323682,1.48609950346526,1.37923039657408,1.78619769874887,0.75134172214417,1.32324923332809
"AA","American Airlines Inc.",2009,6796315,2283295,432667,1884383,3531,2192439,10.2965391581612,12.3380915757176,13.1494658514815,9.31926976700527,4.4794864638571,9.16944591208454,1.0613171022515,1.20245052929268,1.42531707735203,1.12672285020833,0.400390525338223,0.870025930311575
"AA","American Airlines Inc.",2010,5565988,1993052,358453,1502617,5964,1705902,8.79893795356876,10.3710237098937,12.8698641252443,9.25877179523866,5.5525556279676,6.84599357747913,0.86918841391646,1.04960000013482,1.18083695388848,0.898454777511516,0.676275585702963,0.676953372280997
"AA","American Airlines Inc.",2011,5920542,2133621,401882,1508508,2337,1874194,9.5994350601082,11.499990756332,15.7084991125219,9.85746127773193,2.8726660356717,7.44325453394819,0.924555804020021,1.12362778386497,1.32390331982885,0.901977163518277,0.264999336651211,0.743736714423695
"AA","American Airlines Inc.",2012,6203856,2140405,343832,1419535,4362,2295722,10.8998885599325,11.7828311053683,15.0816076778328,11.0652014658867,5.97108908722554,9.74020210481727,0.968798308010387,1.12720043846752,1.13267159580024,0.848777834002151,0.494620071233455,0.91101174025218
"AA","American Airlines Inc.",2013,6355728,1927664,341701,1406221,6384,2673758,8.83505680381173,9.11990061738958,11.4890188904202,8.0692707455259,6.15913015793384,8.82543870839864,0.992514741247095,1.0151647496703,1.12565153027216,0.840817038331805,0.72390062694965,1.06102782854073
"AA","American Airlines Inc.",2014,7131277,2196265,408197,1632082,4225,2890508,10.1416171839394,10.3307904749375,13.6581535124833,9.87970071095767,6.46518745218057,9.80365475710474,1.11362499251327,1.15661796295134,1.34470656422576,0.9758653537066,0.479085236350606,1.14704076682318
"AA","American Airlines Inc.",2015,7831435,2753994,467420,1760561,16158,2833302,12.4999227876162,13.6519110040194,15.0769313145173,12.2809028219079,19.9518429338766,11.3504920753126,1.2229621347261,1.45033451348549,1.53980245384068,1.0526863742061,1.83220337253328,1.12433970039926
"AQ","Aloha Airlines Inc.",2007,139696,77812,1056,5831,1046,53951,0.138359814991486,0.269926843067991,0.0183802476390259,0.0206703598702209,0.591140800018085,0.14195037996084,0.0218150209217975,0.0409780955090436,0.0034787373053266,0.00348651040662368,0.118609031295322,0.0214093842365693
"AQ","Aloha Airlines Inc.",2008,15779,8727,589,989,106,5368,0.0182125640883671,0.036289592696207,0.0127111776571595,0.00377891967296794,0.0927254277616432,0.016949665240954,0.0024640592080306,0.00459589574239736,0.0019403184401869,0.000591349475587518,0.0120196532670211,0.00213018432618309
"AS","Alaska Airlines Inc.",2007,2107206,722012,31513,407621,13452,932608,2.08705068369137,2.50463193102872,0.548500704402104,1.44497903629897,7.60231935166661,2.45378324691886,0.329062700267275,0.380232826487889,0.103811977938217,0.243727466722406,1.52536203535819,0.370086986600775
"AS","Alaska Airlines Inc.",2008,1507193,481833,47431,379500,7086,591343,1.73964440750607,2.00361215968735,1.02360588702331,1.45005057218537,6.1986073690472,1.86718813200101,0.235364268326844,0.253747477168162,0.156249989705441,0.226913170864978,0.803502481604828,0.23466274031261
"AS","Alaska Airlines Inc.",2009,1003897,318244,43631,291713,2834,347475,1.52092196598606,1.71967424946084,1.32601826477635,1.44267494534944,3.59526044706061,1.45324600515753,0.156769227882901,0.167596682095051,0.143731806220364,0.174422982378222,0.321355635459791,0.137888561613351
"AS","Alaska Airlines Inc.",2010,741330,239594,29271,213336,2438,256691,1.17192431480613,1.24674873247073,1.05094333932211,1.31452614984992,2.26980728051392,1.03013240936273,0.115766589307898,0.126177271055799,0.0964262496820217,0.127559283846247,0.276452025141486,0.10186273190616
"AS","Alaska Airlines Inc.",2011,766706,262287,26333,220792,2900,254394,1.24312004833262,1.4136990944062,1.02928697261893,1.4427822659429,3.56471181148821,1.01031125588344,0.119729322463547,0.138128074548662,0.0867477172927702,0.132017425089908,0.328839570512842,0.100951213016956
"AS","Alaska Airlines Inc.",2012,872417,280863,40336,230849,3351,317018,1.53279638950205,1.54613790041935,1.76927024620473,1.79945594381152,4.58714340469802,1.34503192932984,0.136237223023793,0.147910744344786,0.132877223435278,0.138030773599497,0.379979793375357,0.125802305275319
"AS","Alaska Airlines Inc.",2013,848473,256638,32302,270987,5875,282671,1.1794568854269,1.21417065144425,1.08609072902436,1.55499560276644,5.66805916006599,0.933029685237689,0.13249811194723,0.135153144441088,0.106411148140776,0.162030354237649,0.666183612676879,0.112172379595101
"AS","Alaska Airlines Inc.",2014,989491,289072,33869,304865,3943,357742,1.4071868094527,1.35973676408408,1.13324694036041,1.84548016413765,6.0336648814078,1.21334348845122,0.154519577274441,0.152233846000492,0.111573251698965,0.182286913928199,0.447108422942116,0.141962816918292
"AS","Alaska Airlines Inc.",2015,1074977,347425,38832,301478,5825,381417,1.71579404010418,1.72223148655061,1.25255101793962,2.10297855112271,7.19269000432179,1.52799476931492,0.167869128288935,0.182964257855208,0.127922658182237,0.180261736300479,0.660513964909416,0.15135777107671
"B6","JetBlue Airways",2007,3580607,562553,107400,1433643,6002,1471009,3.54635867939827,1.95147477700647,1.86935473146911,5.08213286493279,3.39199529800052,3.87036915860347,0.559149987241829,0.29625701129516,0.353803396394012,0.85721338344764,0.680584518006234,0.583740744313388
"B6","JetBlue Airways",2008,3337721,677621,55222,1309542,2101,1293235,3.8524911351536,2.81775983641531,1.19174304343576,5.00369466772273,1.83788795969068,4.08343895824983,0.521220746808233,0.356855215865595,0.18191556010866,0.783010085904782,0.238238599188787,0.513194658545342
"B6","JetBlue Airways",2009,2537600,711440,45380,944248,2375,834157,3.8445095272585,3.84436170999742,1.37917326798722,4.66980536279259,3.0129652652678,3.48869797229784,0.396273315564893,0.374665299297717,0.149493464882312,0.56459106129885,0.269308268954483,0.331018660017867
"B6","JetBlue Airways",2010,2717652,939197,57594,752270,3857,964734,4.29617371208706,4.88719529408214,2.0678497722974,4.63531043399894,3.59091332278186,3.87159565319447,0.424390356475238,0.494608856831944,0.189729542010398,0.44980229524795,0.43735662878208,0.382835552484337
"B6","JetBlue Airways",2011,3341555,1069602,73981,993294,3794,1200884,5.41792292365798,5.76504126691396,2.89172063651391,6.49075586102524,4.66362641820216,4.7692422864153,0.521819466816065,0.56328397821241,0.243712561160386,0.593916972703972,0.430212872595077,0.476546995969459
"B6","JetBlue Airways",2012,2772648,938191,79334,670333,4590,1080200,4.87141452282575,5.16469831530791,3.4798513911247,5.22521085724005,6.28319553194984,4.58303153152847,0.432978568668967,0.49407906754389,0.261346728580285,0.400809977774528,0.520473665053085,0.428655944326188
"B6","JetBlue Airways",2013,3602733,1074604,70959,998064,10231,1448875,5.00813607882009,5.08401966475969,2.38585573775122,5.72715713772057,9.87062353474641,4.78239149116378,0.562605198220781,0.565918179026375,0.233757311030938,0.596769082914844,1.16012332617824,0.574957305439369
"B6","JetBlue Airways",2014,3234229,951159,141661,937446,8216,1195747,4.59950053871071,4.47406134385015,4.73993607187681,5.67476751332618,12.5723029839327,4.05558149807706,0.505059366774168,0.50090839904239,0.466667997547227,0.56052396409668,0.931636521149487,0.474508479411411
"B6","JetBlue Airways",2015,3610200,1074056,115770,991461,11417,1417496,5.76231830409779,5.32423706272893,3.73423545907679,6.91599790788938,14.0976724084707,5.67863119243459,0.563771249941826,0.565629586054353,0.3813763426493,0.592820973119794,1.29460737122246,0.562505171689127
"CO","Continental Air Lines Inc.",2007,4797086,906231,215107,2177161,16132,1482455,4.75120212073538,3.14368057523709,3.74405296296206,7.71783593987481,9.11690572264985,3.90048470880702,0.749116162622136,0.477247988372694,0.708618130243266,1.30178262448898,1.8292551556942,0.588282862382965
"CO","Continental Air Lines Inc.",2008,4379554,996161,200282,1917507,11392,1254212,5.05500398653048,4.14234868223287,4.32227518426352,7.32669861006444,9.96535917981735,3.96022234373833,0.683914085858879,0.524607780295898,0.659780743357407,1.14652857319049,1.29177254733872,0.49770915501318
"CO","Continental Air Lines Inc.",2009,2930515,703842,146359,1366678,10830,702806,4.4397828015739,3.80330489526595,4.44809211831957,6.75894495260848,13.7391216096212,2.93934818879271,0.457631185120844,0.370663968273226,0.482144425445356,0.817173224061677,1.22804570643244,0.278894621003621
"CO","Continental Air Lines Inc.",2010,2076570,619333,99141,845883,18615,493598,3.28272547232266,3.22275446266308,3.55954950646486,5.21213167591732,17.3307885671725,1.98086920459472,0.324278561988726,0.326159034929092,0.326596112866841,0.505776004507984,2.1108098638264,0.195874575826252
"CO","Continental Air Lines Inc.",2011,2631192,795418,118386,1084607,7280,625501,4.26615616183049,4.28721860509439,4.6273940508284,7.08744766620859,8.94865585780487,2.48414153190071,0.410888704968404,0.418890592371517,0.389994123701131,0.648515450625431,0.825500714942583,0.248217665091627
"DL","Delta Air Lines Inc.",2007,5176517,1530087,152501,1866371,6735,1620823,5.12700388286196,5.30781310761031,2.65436187992337,6.61611391208096,3.8062459733478,4.26454450703915,0.808368361707139,0.805788968579988,0.502377763067814,1.11595299504727,0.763701554277239,0.643191458665622
"DL","Delta Air Lines Inc.",2008,5125061,1411220,167124,1945194,1365,1600158,5.91548906263329,5.86829368680431,3.60669415072176,7.43248925615692,1.19405857447776,5.05256006569195,0.800332958284335,0.743190098497308,0.550549709673677,1.1630833688736,0.154781384051734,0.634990963304115
"DL","Delta Air Lines Inc.",2009,4408308,1190233,154579,1786806,1310,1275380,6.67866570976113,6.43158407058271,4.69791151591444,8.83669993589606,1.66188820947403,5.33402659200753,0.688404329756953,0.626811822752474,0.509223232878864,1.06837895963259,0.148544771507525,0.506109255947726
"DL","Delta Air Lines Inc.",2010,8195204,2910046,380885,2317622,3371,2583280,12.9553084758427,15.1426837146654,13.6752606264801,14.2806405129348,3.13844148589517,10.3670189077862,1.27976854540143,1.53251610193428,1.25473376755618,1.38576800233579,0.382247652482342,1.02512342886406
"DL","Delta Air Lines Inc.",2011,6379583,2188241,300469,1827410,2316,2061147,10.3437139233317,11.7943867597041,11.7445345147092,11.9413508669096,2.84685260531265,8.18572770635469,0.99623995402405,1.15239228775517,0.989822650941456,1.09265717409847,0.262618084588877,0.817925304277069
"DL","Delta Air Lines Inc.",2012,5136802,1965386,178807,1361153,2025,1629431,9.02512394782184,10.8193595580535,7.84306586952421,10.6101168135313,2.7719980288014,6.9132879572764,0.802166440707903,1.03503026808381,0.589036535372664,0.81386967921575,0.229620734582243,0.646607372726685
"DL","Delta Air Lines Inc.",2013,6634527,2691572,333994,1749949,7816,1851196,9.2226135088573,12.7339978048812,11.2298862903153,10.0416735860596,7.54068942894907,6.11035734544141,1.03605217981353,1.41746124615056,1.10026267760914,1.04634117639525,0.886279339009785,0.734610414287042
"DL","Delta Air Lines Inc.",2014,6965629,2694134,498602,1833423,3556,1935914,9.90604386330063,12.6726664885181,16.6830786547456,11.0985051710552,5.44146901300689,6.5659851124597,1.08775728989004,1.41881047095771,1.64252403211217,1.09625250715884,0.403225349221954,0.76822907221282
"DL","Delta Air Lines Inc.",2015,7229891,2707569,602901,1779383,3910,2136128,11.539785398574,13.4217761640882,19.4469576964054,12.4121968542726,4.82805457800827,8.55754308430706,1.12902462080028,1.42588573843785,1.9861119319306,1.063940549969,0.443366455415591,0.847680026885402
"EV","Atlantic Southeast Airlines",2007,5651350,2832238,760224,1123851,4990,930047,5.59729512979711,9.82492497503215,13.2321073684951,3.98394865554924,2.82006939970386,2.44704500438249,0.882518601007905,1.49154011294328,2.50437461098921,0.671980484821545,0.565830847192787,0.36907070454799
"EV","Atlantic Southeast Airlines",2008,4038897,1688969,565274,1127930,3559,653165,4.66180812845007,7.02326080973072,12.1991481137066,4.30976427374188,3.11329997550649,2.06239346071306,0.630716860582874,0.889460918544876,1.86215885561666,0.674419427704175,0.403565528088002,0.259195574778573
"EV","Atlantic Southeast Airlines",2009,4639544,1129897,195657,1349463,1574,1962953,7.02899239838233,6.10555038097514,5.94633988749617,6.67380768006941,1.99680308527643,8.20966574735447,0.724514298387929,0.595037104577467,0.644544796352544,0.806879916455773,0.178480511719729,0.778958963046588
"EV","Atlantic Southeast Airlines",2010,3880916,1325946,184852,722237,2427,1645454,6.13510828392233,6.89967818403065,6.63690950634997,4.45025416661583,2.25956614840331,6.603408352905,0.606046441814645,0.698282293577268,0.608950329890372,0.431844763599497,0.275204702632644,0.652965782461862
"EV","Atlantic Southeast Airlines",2011,4753139,1788303,172145,634309,3478,2154904,7.7066338119327,9.63876338371285,6.72869046069514,4.14494083267497,4.27519575184689,8.55807828230327,0.742253369668507,0.941773134389416,0.567090183168037,0.37927026745242,0.394380698704712,0.855130910065062
"EV","ExpressJet Airlines Inc.",2012,10234754,3441656,375026,1872886,5186,4540000,17.9819902393484,18.9461580265312,16.4498795952294,14.5990489228083,7.0990527295625,19.2621395603955,1.59826603939591,1.81247761627092,1.23543270517747,1.11984848729545,0.588055866441242,1.80160894949166
"EV","ExpressJet Airlines Inc.",2013,11855385,3366064,312367,2859779,5278,5311897,16.4800947910385,15.9250622264943,10.5027212789658,16.4101738086469,5.09208787180056,17.5333075763875,1.85134486177818,1.77266863827627,1.02901774228499,1.7099381313915,0.598488018333373,2.10792096343126
"EV","ExpressJet Airlines Inc.",2014,10822734,3335616,276162,2680248,2833,4527875,15.3913562902697,15.6900692770904,9.24030061542446,16.2247044395704,4.33511859219587,15.3570663991678,1.6900853899972,1.75663382292569,0.909749102001519,1.60259175858897,0.321242242504442,1.79679738373999
"EV","ExpressJet Airlines Inc.",2015,6850156,2363973,169313,1687894,0,2628976,10.9336821518822,11.7185255348795,5.46129919912471,11.7740096410641,0,10.5319416194204,1.06972494887167,1.24493794498021,0.557760842212843,1.00923683695381,0,1.04325698008784
"F9","Frontier Airlines Inc.",2007,941066,279277,39509,405929,2167,214184,0.93206475242511,0.968801199705693,0.687675382547607,1.4389810515793,1.22466741265697,0.563539140730156,0.146957496841658,0.147075509940358,0.130152871397868,0.24271577479855,0.245722534241838,0.0849946720788375
"F9","Frontier Airlines Inc.",2008,816449,250971,21370,356334,391,187383,0.942368321020548,1.0436158323089,0.461184832824275,1.36153444160501,0.342034360894363,0.591668986931012,0.127497222659064,0.132168735002316,0.0703983108094976,0.213061601652177,0.0443366455415591,0.0743592268243604
"F9","Frontier Airlines Inc.",2009,852954,180181,19105,262146,0,391522,1.29224061290717,0.973632263112905,0.580632553655706,1.29645050520057,0,1.63746393965404,0.133197867908393,0.0948886319194339,0.0629368146006294,0.156744084557498,0,0.155367739894906
"F9","Frontier Airlines Inc.",2010,722951,156994,12116,197692,0,356149,1.14287005154709,0.816932270864506,0.435011769301583,1.21813150905675,0,1.42926953988307,0.11289651235851,0.0826776734481416,0.0399132397645237,0.118205319037257,0,0.14133066646531
"F9","Frontier Airlines Inc.",2011,850311,198889,18155,309822,0,323445,1.37867533502772,1.07199060261223,0.709630691068112,2.02455563244574,0,1.28454336249762,0.132785135258236,0.104740816811008,0.0598072687293602,0.185250836426164,0,0.128352732746328
"F9","Frontier Airlines Inc.",2012,794945,217305,13588,276770,0,287282,1.39668166238474,1.19625403292931,0.596014580162382,2.15740774951901,0,1.21886915797127,0.124139143616699,0.114439225885374,0.0447623887355851,0.165488164164163,0,0.114002163486314
"F9","Frontier Airlines Inc.",2013,1118193,229551,19914,446957,0,421771,1.55439293069569,1.08602033685455,0.669568781431218,2.56475834496002,0,1.39216567448513,0.174617767792976,0.12088833087694,0.065601869979426,0.267247510172063,0,0.167371455558601
"F9","Frontier Airlines Inc.",2014,1327023,254513,20749,533348,0,518413,1.88720186584855,1.19717815297688,0.694255536494674,3.22858693055119,0,1.75828680411711,0.207228800457468,0.134034056730237,0.0683525760873311,0.31890299302897,0,0.205721916372868
"F9","Frontier Airlines Inc.",2015,1583839,346950,21616,581234,0,634039,2.52799968435099,1.71987684898534,0.697237917279121,4.05443393940273,0,2.54002384671282,0.247333359020722,0.182714108837489,0.0712086984772157,0.347535309498115,0,0.251605801041133
"FL","AirTran Airways Corporation",2007,3125154,502204,37761,946465,0,1638724,3.09526206376635,1.74212641104351,0.657250502933007,3.3551315648377,0,4.31164379624007,0.488026141720874,0.26447544693651,0.124394506994733,0.565916664723903,0,0.650295115450832
"FL","AirTran Airways Corporation",2008,3281935,443708,36903,1029858,0,1771466,3.78810137026143,1.84507649777112,0.796401679256631,3.93503605314804,0,5.59347162550889,0.512509167685399,0.233669727061722,0.121568032934155,0.615779563427311,0,0.702971145224713
"FL","AirTran Airways Corporation",2009,3139671,503089,26732,948352,0,1661498,4.75665789405628,2.71850906375927,0.812429700304859,4.69010181161631,0,6.94888936204686,0.490293126163676,0.264941514053735,0.0880621265587033,0.567044952348204,0,0.659332525630506
"FL","AirTran Airways Corporation",2010,2250331,396780,33321,684678,0,1135552,3.55741385787974,2.06468009244696,1.19635417339865,4.21882446107053,0,4.55710920023165,0.351413196125655,0.20895605737005,0.109767997870064,0.409387235840557,0,0.450621287624043
"FL","AirTran Airways Corporation",2011,1990102,345789,32337,639600,0,972376,3.22670710080115,1.86376601263359,1.26396737301402,4.17951527816713,0,3.86173580253827,0.310775661196534,0.182102691975231,0.106526447199192,0.382433897457813,0,0.385868128605926
"FL","AirTran Airways Corporation",2012,1359781,291128,10554,449045,0,609054,2.38907243590334,1.60264625341637,0.462933314618323,3.50028241096493,0,2.58407117793329,0.212344311677233,0.153316596275084,0.0347676075003948,0.268495981056822,0,0.241690999366453
"FL","AirTran Airways Corporation",2013,1791450,389441,44578,489751,0,867680,2.49028317624488,1.84247006549731,1.498846898596,2.81032171820223,0,2.86400514126684,0.279754031828786,0.205091123388905,0.146851469315198,0.292835184042935,0,0.344321597642054
"FL","AirTran Airways Corporation",2014,678612,166873,20783,168921,0,322035,0.965075837108489,0.784937154179592,0.695393166657131,1.02255212899577,0,1.0922370599577,0.105972504422337,0.0878802463871978,0.0684645808869344,0.101002370845014,0,0.127793202213557
"HA","Hawaiian Airlines Inc.",2007,185243,134564,1537,971,731,47440,0.183471160294267,0.46679735401482,0.0267523111943018,0.00344210588818119,0.413120387010726,0.124819299463259,0.0289276709470317,0.0708653735166677,0.00506327579383237,0.000580586795546491,0.0828902503603061,0.0188256230316926
"HA","Hawaiian Airlines Inc.",2008,273111,184855,4861,931,203,82261,0.315232371553205,0.768684846780949,0.104904982328442,0.00355730456575647,0.177577941845411,0.259742252679976,0.0426491966768772,0.0973500982537945,0.0160133920844627,0.000556669728788655,0.023018769935899,0.0326436462101616
"HA","Hawaiian Airlines Inc.",2009,234162,186518,1560,1393,474,44217,0.354759631116766,1.00787509477299,0.0474109805654489,0.00688912115288577,0.601324436099764,0.184928926138717,0.0365668947506725,0.0982258831305685,0.0051390437465052,0.000832911849841671,0.0537482608355473,0.0175466394096196
"HA","Hawaiian Airlines Inc.",2010,216374,157988,1486,1833,441,54626,0.342052731835837,0.822104638453327,0.0533532097377148,0.0112945139717389,0.410576296434224,0.219220825793847,0.0337891087571084,0.0832011431820642,0.00489526859442739,0.00109599958417788,0.0500062933090219,0.0216772445980026
"HA","Hawaiian Airlines Inc.",2011,210226,138703,2687,874,222,67740,0.340855758636001,0.74759444994004,0.105027687518591,0.00571122006428717,0.27288483522427,0.269025544916722,0.0328290329594677,0.0730450930626494,0.00885167342747403,0.000522587908658737,0.0251732360875348,0.0268812753829439
"HA","Hawaiian Airlines Inc.",2012,227971,158544,3581,3703,448,61695,0.400534521577607,0.872777429864684,0.157074493049859,0.0288646923310652,0.613261786124952,0.261757202682512,0.0356001040442325,0.0834939491901739,0.0117967408052789,0.00221412245510675,0.0508000439964667,0.0244824370349974
"HA","Hawaiian Airlines Inc.",2013,224531,159197,3699,3906,778,56951,0.312119105666047,0.753171101699554,0.124371543763888,0.0224136686424283,0.750595749196824,0.187981694634298,0.0350629113402826,0.0838378382608494,0.0121854633450787,0.00233550156890278,0.0882197192617211,0.0225998747318281
"HA","Hawaiian Airlines Inc.",2014,246849,161083,5351,8862,289,71264,0.351051860731012,0.757702154373153,0.179042911744325,0.0536455323326321,0.442234123947972,0.241704106202201,0.0385481051678272,0.0848310615185739,0.0176275789022752,0.00529882614019877,0.032770564095935,0.0282797048847079
"HA","Hawaiian Airlines Inc.",2015,341192,196422,11429,6241,401,126699,0.544583930755008,0.973689725987604,0.36864971116687,0.0435344839011697,0.495153423473483,0.507568905626732,0.0532807712343226,0.103441621807399,0.0376500839607743,0.00373166034089151,0.0454705750950516,0.0502779850862652
"MQ","American Eagle Airlines Inc.",2007,8509443,2007701,562622,2298159,1744,3639217,8.42805061820381,6.96463775194635,9.79273834011743,8.14676274549597,0.985611429475659,9.57513736371799,1.32884031810391,1.05731459584129,1.8534224812476,1.37413055557809,0.197757314129102,1.44415108289476
"MQ","American Eagle Airlines Inc.",2008,6676195,1705271,417169,1948506,1172,2604077,7.70585140401394,7.09104961918798,9.00290198991436,7.44514424296872,1.02522831449666,8.22247269218846,1.04255908260079,0.898046032833012,1.37426265428579,1.16506370200115,0.132896543669328,1.03337630580736
"MQ","American Eagle Airlines Inc.",2009,4842646,1333799,371160,1283549,2894,1851244,7.33669557224947,7.20736225743963,11.2801663760718,6.34782811677342,3.67137746428843,7.74246477465099,0.756230842736077,0.702417915127061,1.22269710061081,0.767468177998871,0.328159212780747,0.734629462134966
"MQ","American Eagle Airlines Inc.",2010,4777239,1389821,353543,1270102,5026,1758747,7.5520517741628,7.23205743929818,12.69357592887,7.82606916777609,4.67926636253608,7.05806703222734,0.746016841809551,0.731920753591663,1.16466214312224,0.759427858081555,0.569912993585361,0.697923862354981
"MQ","American Eagle Airlines Inc.",2011,4962075,1495670,410623,1430509,520,1624753,8.04539799327264,8.06150256982055,16.0501615675275,9.34777082716633,0.63918970412892,6.45261383495835,0.774880955363993,0.787663960700294,1.35269843610334,0.855339481267164,0.0589643367816131,0.644751001214411
"MQ","American Eagle Airlines Inc.",2012,4484349,1449895,461716,1017505,2199,1553034,7.87879415058064,7.9816053062472,20.2523894535071,7.93139853370793,3.010184526091,6.58915366740955,0.700278943245631,0.763557494834791,1.52101200157782,0.608393375285822,0.249351108813014,0.616290738604589
"MQ","American Eagle Airlines Inc.",2013,6576260,1716605,643256,1577059,2348,2636992,9.14161692517913,8.12136710511481,21.6282080982384,9.04958470444428,2.26529411197191,8.70408289401567,1.02695316606904,0.904014851710556,2.1190517462833,0.942965634601189,0.266246659160053,1.04643797069117
"MQ","American Eagle Airlines Inc.",2014,1542855,390147,161617,421365,154,569572,2.19414345850356,1.83517331079147,5.40765805781771,2.55070522809067,0.235654169854629,1.93180134679221,0.240933270131571,0.205462923823663,0.532408226396751,0.251945370860399,0.0174625151237854,0.226023350788517
"MQ","Envoy Air",2014,4110020,1039219,300667,1207211,5271,1557652,5.84499094037924,4.88827793848832,10.06023082516,7.30777214317413,8.06579954093344,5.28304451664334,0.641823475897708,0.547283393780044,0.990474914186205,0.721823651944877,0.597694267645928,0.618123300306958
"MQ","Envoy Air",2015,3812234,1055033,402305,930774,7049,1417073,6.0847891412398,5.22993754608893,12.9766053067624,6.49267196260652,8.70408100265481,5.67693661199528,0.595321014694678,0.555611512866818,1.32529679130627,0.556534597361473,0.799306942256905,0.562337312529295
"NK","Spirit Air Lines",2015,2162991,471115,44088,941423,5147,701218,3.45239671788233,2.33537910854512,1.42208666251859,6.5669547248343,6.35549793171575,2.80914966073738,0.337774123229439,0.248103062069386,0.145237282497385,0.562901918459078,0.58363354118262,0.278264454701464
"NW","Northwest Airlines Inc.",2007,5846678,2276303,316527,1910645,8769,1334434,5.79075482758843,7.89640778615378,5.50932257996017,6.7730611789124,4.95574921162389,3.51102691947627,0.913021152309395,1.19876833575184,1.04272185894234,1.14242560038818,0.994342825457626,0.529543664516731
"NW","Northwest Airlines Inc.",2008,3950704,1478247,309087,1301073,4516,857781,4.56001329578353,6.14701289496847,6.6703900993522,4.97133504111973,3.95045312992057,2.70847630403329,0.616944582635359,0.77848849473034,1.01821257338209,0.777946244945479,0.51208258635724,0.340393375837865
"NW","Northwest Airlines Inc.",2009,2900942,1080477,223500,912682,3756,680527,4.39497917600265,5.83850276528292,6.79253471562681,4.51369481124055,4.76492527846142,2.84617064292925,0.453013045634242,0.569011074144411,0.736266844451226,0.545716908066903,0.425903940291805,0.270053641755664
"OH","Comair Inc.",2007,3681593,1411761,821224,1212637,4564,231407,3.6463787535359,4.89734475269252,14.2938451582494,4.2986868773701,2.57931798401772,0.608854545339256,0.574920028637493,0.743475005062753,2.70532439851281,0.725068002050578,0.517525448214004,0.0918292780121183
"OH","Comair Inc.",2008,3005043,1075766,672847,1091356,1282,163792,3.46850486252607,4.47337114431394,14.5206753023545,4.17001684389443,1.12145281500402,0.517179502449018,0.469269527516186,0.566530122518144,2.21653215878512,0.652550857714147,0.145369768757746,0.0649976063998102
"OH","Comair Inc.",2009,2358394,772380,440540,924186,1516,219772,3.57300922211116,4.17365919482712,13.3887393450659,4.57058817071133,1.92322330195621,0.91915326583346,0.36828838658116,0.406758101697362,1.45125277697782,0.552595456466457,0.171903720309472,0.0872121590413396
"OH","Comair Inc.",2010,1903634,908078,232052,613873,1015,148616,3.0093412799855,4.72526480414601,8.33157404176056,3.78254073942897,0.944977190205754,0.596414202873693,0.297272760404343,0.47822067307949,0.764439345810273,0.367051038045841,0.115093849679495,0.058975311814461
"OO","SkyWest Airlines Inc.",2007,6913905,2730247,356372,1197780,19948,2609558,6.84777385657938,9.47112210849039,6.20284622312019,4.24602017584517,11.2734958687961,6.86600340364128,1.07968003540775,1.43782864248805,1.173981601301,0.716184605530048,2.26196267330696,1.03555133194219
"OO","SkyWest Airlines Inc.",2008,6182502,1678216,306304,1829877,12287,2355818,7.13601710510538,6.97854647602357,6.6103303244458,6.99186875066891,10.7482767066727,7.43858540771491,0.965463653068484,0.883798071413216,1.00904465110867,1.09413225919076,1.39325924237631,0.934859645853205
"OO","SkyWest Airlines Inc.",2009,4836475,992380,113241,1379022,5769,2346063,7.32734639653513,5.36245877904987,3.44158131423846,6.81999255599055,7.31865120645472,9.81194814763047,0.755267175243032,0.52261659411485,0.3730451621141,0.824554030863145,0.654163959409858,0.930988567592788
"OO","SkyWest Airlines Inc.",2010,6211607,1389117,150120,1544218,7254,3120898,9.81955846562253,7.22839411255519,5.38989491643724,9.51510735210626,6.75356112093846,12.5245457616953,0.970008709361641,0.731550006415927,0.49453413283677,0.923329124866336,0.822552498103503,1.23846646855741
"OO","SkyWest Airlines Inc.",2011,5843981,1348192,139645,1400901,6274,2948969,9.47530075827622,7.2666118011403,5.45835185096153,9.15429507926768,7.71206962250931,11.7116621223431,0.912599986983071,0.70999769367872,0.460026771782512,0.837636068453013,0.711427401861232,1.17023985510429
"OO","SkyWest Airlines Inc.",2012,5581930,1360820,109605,1277785,4660,2829060,9.8071932922595,7.49125152707424,4.80763747856181,9.96026759120986,6.37901768603187,12.0030283138178,0.871677927313661,0.716647971143483,0.361067237074168,0.764021728679066,0.528411171927533,1.12265634683896
"OO","SkyWest Airlines Inc.",2013,6517526,1694065,182183,1450952,8047,3182279,9.05997116779066,8.0147289358509,6.12554229725236,8.32594914082658,7.76355269124273,10.5039454832951,1.01778122529177,0.892144622532874,0.600157953121511,0.867562896160425,0.912473111695463,1.26282430092057
"OO","SkyWest Airlines Inc.",2014,7236415,1991706,184342,1582523,7489,3470355,10.291137297586,9.36858592823535,6.16802998257753,9.57969857409545,11.459831675593,11.770305532658,1.13004341300974,1.04889115681303,0.607270257896322,0.946232705920309,0.849199842610578,1.37714154755796
"OO","SkyWest Airlines Inc.",2015,6506580,2043703,250325,1333972,9896,2868684,10.3852930671643,10.1309049600862,8.07439311819467,9.30520470415176,12.2195468296598,11.4922359171652,1.01607189060066,1.0762743114959,0.824635337079433,0.797617434427131,1.12213668613624,1.13838034530034
"UA","United Air Lines Inc.",2007,8056164,1838180,235286,2262296,895,3719507,7.97910720837442,6.37657590591066,4.0952793049203,8.01963170175978,0.505804030608208,9.78638823964348,1.25805596587899,0.968039834508993,0.775092978807835,1.35268711144969,0.101486695037584,1.47601257684953
"UA","United Air Lines Inc.",2008,7216447,1720150,214132,2047161,1661,3233343,8.32942540578012,7.15292115003786,4.62117129725445,7.82210007748505,1.45298995766122,10.2094041466434,1.12692519675612,0.905881753327011,0.7054062279017,1.22405215752601,0.188345698835114,1.28308803647053
"UA","United Air Lines Inc.",2009,3884397,983008,104269,1062730,1934,1732456,5.88493114523736,5.31181591676198,3.16890739267871,5.25576146647975,2.45350518864334,7.24565727350514,0.606590037106055,0.517681022337865,0.343489072054071,0.635434608888901,0.219301975645461,0.687490800484698
"UA","United Air Lines Inc.",2010,2660172,657918,77169,792328,1321,1131436,4.20530701356541,3.42353494899572,2.77066880366737,4.88213838854336,1.22986686528256,4.54059118831485,0.415414241177843,0.346479034610586,0.254214658252603,0.473754041752586,0.149792094016367,0.448987934664548
"UA","United Air Lines Inc.",2011,3324137,836099,95246,993489,1890,1397413,5.38968176602799,4.50648487776341,3.72291296069807,6.49203010348809,2.32320873231473,5.54974599643801,0.51909946027031,0.440314407508043,0.313764974794638,0.594033568404416,0.214312685610094,0.554535631483699
"UA","United Air Lines Inc.",2012,6430231,2117628,158014,1661009,9977,2483603,11.2976189831974,11.6574447676953,6.93101618117299,12.9474787318742,13.6573947325193,10.5373364754663,1.00414917962569,1.11520539809573,0.520539011897611,0.993161578459199,1.13132151551953,0.985568588498754
"UA","United Air Lines Inc.",2013,5827264,1732247,201021,1713003,6076,2174917,8.10044238060646,8.19537039897578,6.75893271126267,9.82966759485039,5.86197914154229,7.17888330931754,0.909989449066812,0.91225239052144,0.662215200619373,1.02425017768437,0.688975596702079,0.863072672158934
"UA","United Air Lines Inc.",2014,6473753,1985119,282459,1793066,208,2412901,9.20653126633274,9.33760200013086,9.45099641345361,10.8542067340943,0.318286151491966,8.18376851649356,1.01094560429468,1.04542224822414,0.930493049739816,1.07212198058019,0.0235857347126452,0.957511902166825
"UA","United Air Lines Inc.",2015,6775806,2214313,325044,1510372,1305,2724772,10.815010508785,10.9766412022115,10.4845022938598,10.5356938821948,1.61140952028153,10.9157100065696,1.05811440307554,1.16612257236566,1.07077906124297,0.903091698829192,0.147977806730779,1.08127172258244
"US","US Airways Inc.",2007,6948836,2042191,167759,2192671,19934,2526281,6.88237074337261,7.08428223888172,2.91993557166225,7.77281746647181,11.2655838504402,6.64689343733854,1.08513488376288,1.07547804767528,0.552641564019209,1.31105646712433,2.26037517193207,1.00250450628431
"US","US Airways Inc.",2008,4166644,1109335,101863,1567919,10900,1376627,4.80925729662274,4.61296153473665,2.19829998249785,5.99094029799819,9.5349732320935,4.34675238667264,0.650665917661795,0.58420854857252,0.33556308535273,0.937500584847023,1.23598321330689,0.546287119672216
"US","US Airways Inc.",2009,3493662,906489,83511,1444734,7244,1051684,5.29296061003349,4.89833521046589,2.53803743461615,7.14497312253645,9.18986121330525,4.39846196615036,0.545572597810166,0.47738385878653,0.275106847637433,0.863844988132919,0.82141856855001,0.417339935338588
"US","US Airways Inc.",2010,2961104,863480,93346,1097368,10371,896539,4.68103243666071,4.49319513641339,3.35148635005163,6.76172297225271,9.65552555627968,3.59792076916468,0.462407983847915,0.454734050148422,0.307505883052099,0.65614559284785,1.17599833992713,0.355773719376279
"US","US Airways Inc.",2011,3673355,1151148,126345,1329213,12143,1054506,5.95589606073629,6.20456555272472,4.9384902045167,8.68584434246148,14.9263088023798,4.18791041139582,0.573633577040069,0.606228508315485,0.416213129584744,0.794771901409618,1.37693065680602,0.418459790064462
"US","US Airways Inc.",2012,2390504,803116,71106,892918,9406,613958,4.20000515841645,4.42111665129683,3.11894412253653,6.96024935103161,12.8757597327931,2.60487768286813,0.373302705686925,0.422944586347107,0.234241567076281,0.533899485381856,1.0665741380151,0.243637054496036
"US","US Airways Inc.",2013,3430797,1091974,99878,1272552,11621,954772,4.76912894594401,5.16619823619333,3.35819979671523,7.30224241122873,11.2116622126173,3.15147510226998,0.535755557306151,0.575065733632247,0.329023981611184,0.760892778420473,1.3177395341137,0.378882330379748
"US","US Airways Inc.",2014,3527956,1264474,130887,1159883,13627,959085,5.01721910308382,5.94783232214969,4.37944114922061,7.02127521762247,20.8523335883703,3.25290164314293,0.550927971818671,0.665909324277777,0.431175653108222,0.693524978557004,1.54520580254431,0.380593858881765
"US","US Airways Inc.",2015,1838065,636322,70557,601963,6163,523060,2.9337753015405,3.15433196800707,2.27586120140002,4.19903036894725,7.61005124405754,2.09543083826327,0.287033461449317,0.335105943691277,0.232433018988569,0.359929731418695,0.698840783817465,0.207565986150024
"VX","Virgin America",2012,618869,87122,43565,304401,967,182814,1.08732425981468,0.47960260397537,1.91090485610643,2.37278995686432,1.32371461424739,0.77563629550532,0.0966429975292915,0.0458810162563473,0.143514385138782,0.182009475953808,0.109650987822731,0.0725461098000812
"VX","Virgin America",2013,687659,104426,41564,311105,5712,224852,0.955910373548454,0.494046027664326,1.3975071221958,1.78520337506468,5.51080066762501,0.742182929218295,0.107385290001592,0.0549938133144938,0.136922573256245,0.186017976342421,0.64770056095495,0.0892280562799778
"VX","Virgin America",2014,667475,100494,44487,310494,1689,210311,0.94923755308481,0.472703639127504,1.48852214815358,1.87955494426634,2.58454475899005,0.713305908726582,0.1042333430433,0.0529231060772866,0.146551691763319,0.185652643147696,0.191520701584893,0.0834577488494584
"VX","Virgin America",2015,663117,130710,35264,239808,1826,255509,1.05841538608897,0.647946686643247,1.13746289391797,1.67279562816403,2.25473853182688,1.0235946890487,0.103552794844517,0.0688357433813177,0.116168742741512,0.143387598626584,0.207055536467741,0.101393678651028
"WN","Southwest Airlines Co.",2007,10476439,2102273,470366,1597151,39398,6267251,10.3762324032871,7.29270439208702,8.18697306910799,5.6617537192734,22.2655499417902,16.4897529380356,1.63600773086513,1.1071190019545,1.54950734030043,0.95497917723365,4.46745565484999,2.48703424896709
"WN","Southwest Airlines Co.",2008,11127162,2261002,510665,1718542,25821,6611132,12.8432822768644,9.40195275184019,11.0206341906508,6.566463268576,22.5873893418244,20.8749020610578,1.73762507036873,1.19071037760421,1.68226267615967,1.02756209350366,2.92791950007314,2.62349660296712
"WN","Southwest Airlines Co.",2009,8558081,2123036,385787,1287158,19613,4742487,12.9656462561278,11.4721105185906,11.7247051021813,6.36567652900656,24.88138431482,19.8345212958099,1.33643566075935,1.11805341049116,1.27088222425192,0.769626095347097,2.22397603326496,1.88196189912949
"WN","Southwest Airlines Co.",2010,10029222,2810519,387527,1292940,26844,5511392,15.8545979798316,14.6247860999646,13.9137343943657,7.96679154098208,24.9920863979145,22.1178908489291,1.56617002462026,1.48010224659412,1.27661423458457,0.773083307346942,3.04392049339543,2.18708659721514
"WN","Southwest Airlines Co.",2011,10082029,2665593,401925,1323522,29827,5661162,16.3467774841607,14.3672633800208,15.7101798682209,8.64865606627629,36.6636755866409,22.4829818705615,1.5744164011079,1.40377993808459,1.32404497295776,0.791369100736646,3.38217167920226,2.24651985104011
"WN","Southwest Airlines Co.",2012,8821656,2598575,355588,1231329,23587,4612577,15.4992422960913,14.3050358878962,15.5972646843377,9.59814548833868,32.2879592618956,19.5700664993548,1.37759570928946,1.36848628151716,1.17139890239249,0.736244447346515,2.6745996378229,1.83040969238313
"WN","Southwest Airlines Co.",2013,11652537,3177218,447198,1749046,24200,6254875,16.1981170848592,15.0316198257483,15.0361464255538,10.036491931481,23.3475798593357,20.6458534920494,1.81966798224015,1.67321676164412,1.4731859521472,1.04580124861319,2.74410951945199,2.48212307884398
"WN","Southwest Airlines Co.",2014,15362643,4439535,478836,1945812,13850,8484610,21.8477061316686,20.8826830510669,16.0217140138302,11.77884456773,21.1935730680949,28.7770133100059,2.3990406200543,2.3379901460667,1.5774097124369,1.163452887555,1.5704924315872,3.36694918699261
"WN","Southwest Airlines Co.",2015,12371384,3831371,545369,1669198,11888,6313558,19.7462335799187,18.9926107011784,17.5912262078366,11.6435945295409,14.6792615916528,25.2927467830914,1.93192361120999,2.01771303614584,1.79658663396654,0.998057999951197,1.34801545319196,2.50541026342174
"XE","ExpressJet Airlines Inc.",2007,6562382,1266355,284451,2453029,11498,2547049,6.49961315587748,4.3929369165857,4.95102255792476,8.69576268257385,6.49802764685271,6.70153608513055,1.02478596829421,0.666899914387947,0.937055213293046,1.46673145879775,1.30379220060575,1.01074587515282
"XE","ExpressJet Airlines Inc.",2008,5516150,1218009,247486,2074904,13173,1962578,6.36689494873225,5.06486198124376,5.34098219636633,7.92810469678449,11.5233213198502,6.19691507251508,0.861405678457317,0.641439484049693,0.815282936312556,1.24064043710257,1.49372540081575,0.77881015173468
"XE","ExpressJet Airlines Inc.",2009,3707790,695052,187183,1700616,6091,1118848,5.61736837171886,3.75580694824177,5.68880100973232,8.41044483742713,7.72714586557735,4.67936221707604,0.579010969703009,0.366034894871637,0.616629247180823,1.01684366003614,0.690676491032318,0.443992636546442
"XE","ExpressJet Airlines Inc.",2010,4320595,1046190,150767,1442939,12001,1668698,6.8301705514815,5.44394290517942,5.41312474597984,8.89105002502292,11.1730751326692,6.69668937063927,0.674707008930919,0.550954528101146,0.496665518288045,0.862771709762162,1.36082885714642,0.662189702819128
"XE","ExpressJet Airlines Inc.",2011,5642966,1747864,151793,1412607,6345,2324357,9.14937951008515,9.42080146536123,5.93318487960903,9.23078883449943,7.7993436013423,9.23105120321814,0.881209349952697,0.920476763594548,0.500045427829016,0.844635398039694,0.719478301691029,0.922374972029426
"YV","Mesa Airlines Inc.",2007,4281706,1777089,172263,684266,9247,1638841,4.24075170375628,6.16465357041142,2.9983301127287,2.4256601726902,5.22588812406045,4.31195163473158,0.6686340766449,0.93586751105319,0.567478905707837,0.409140890052951,1.04854465811457,0.650341544580147
"YV","Mesa Airlines Inc.",2008,3824256,1927740,187161,874222,9122,826011,4.41406346982207,8.01614523022642,4.03911158147984,3.34035865959694,7.9796353966199,2.60816131433413,0.597198378266448,1.01520477351313,0.616556773486962,0.522720648379243,1.03437053869591,0.327786081493074
"YV","Mesa Airlines Inc.",2009,2796768,1704272,209531,767601,5058,110306,4.23715369700965,9.20926293182942,6.36799369798658,3.79619259589108,6.41666455230508,0.461333200503365,0.436745164023406,0.897519929951534,0.690249343108322,0.45896910900956,0.573541568156537,0.043772748190006
"YV","Mesa Airlines Inc.",2010,1411861,494871,62115,306091,3360,545424,2.23192671958034,2.57510535316629,2.23017134781841,1.8860605979943,3.12820035378456,2.18885328758802,0.220477159357963,0.260613672732431,0.204622886098827,0.183019972024327,0.3810003299735,0.216440695962013
"YV","Mesa Airlines Inc.",2011,1304043,387822,86421,193753,2027,634020,2.11434630378244,2.09031942181962,3.3779671689781,1.26609384567029,2.49161063513331,2.51797425432684,0.203640228266547,0.204238510210614,0.284693140779953,0.115850085888279,0.229847520492942,0.251598261267997
"YV","Mesa Airlines Inc.",2012,985979,314822,35158,159601,2294,474104,1.73231958034385,1.73308063392408,1.54214605603098,1.24408149088046,3.14022887805946,2.01151044364356,0.153971141002269,0.165794555908448,0.115819551307455,0.0954296942904383,0.260123439571193,0.188138768588061
"YV","Mesa Airlines Inc.",2013,1695330,466250,68812,250481,6067,903720,2.35666737959934,2.20585831496459,2.31366711799965,1.4373267115269,5.85329615729708,2.98296460246366,0.26474386825214,0.245541009498427,0.226684537361869,0.149769269964244,0.687955060103936,0.358623356791763
